{
  "16": 11.563274732790887,
  "2": 0.6815962251275778,
  "32": 32.669452173635364,
  "4": 1.899056663736701,
  "8": 5.544019534252584
}